word,,,
杭州市经济技术开发区,,,
宣家埠,0区,,
骆家庄,西苑,,
杭州,富阳市,,
后周蒋家桥,,,
八丈井东路,,,
南苑,0区,,
九堡老街,,,
浙江科技学院,西和公寓,,
大龙驹坞路,,,
湖头陈北路,,,
汽车东站小商品市场,,,
市,中心路,,
庙后王路,,,
大都文苑风情,,,
九曲营西路,,,
金沙湖0号,,,
后横港路,,,
中铁0局项目部,,,
科技馆街,,,
金地自在城,东苑,,
城隍庙路,,,
七堡0区,,,
公元大厦北楼,,,
南肖埠,御景苑,,
美术学院,象山校区,,
都市水乡,水滟苑,,
城西银泰城,,,
桥头陈村,,,
下沙电子商务园,,,
富阳高桥镇,,,
名门世家,,,
万亚金沙湖0号,,,
湖头陈北路,,,
出口加工区,,,
计量学院现代科技学院,,,
北干0苑路,,,
桥南三和路,,,
海辰水岸晶座,,,
小和山支路,,,
同方超级星期天,,,
高沙教师公寓,,,
华门世家,,,
广宇西城年华,,,
临平,东湖街道,,
闸弄口新苑,,,
三里新城,兰苑,,
西溪水岸花苑,,,
滨江凯旋门,,,
湘湖人家,中鼎苑,,
和睦港路,,,
杨家春晓南苑,,,
南都德加,东区,,
吴家墩,西苑,,
尊宝大厦,金尊,,
汽车北站小商品市场,,,
先锋河西路,,,
金家渡,北苑,,
浜河,0区,,
传媒学院生活区,,,
横塘,0区,,
新风丽都北苑,,,
浙江传媒学院,下沙校区,,
长城机电,东区,,
在水一方社区,,,
金湾创业大厦,0区,,
梅苑新居,,,
物联网街,,,
望江门外直街,,,
萧山空港经济区,,,
三里亭东苑,,,
大关苑西路,,,
顺达花苑,东区,,
新加坡杭州科技园区,,,
巨利,龙舌里,,
农药厂宿舍,,,
世纪新城,西区,,
龙湖滟南山,0期,,
湾南,过渡房,,
浙江民营企业发展大厦,,,
门牌0号,,,
百大绿城西子国际,,,
火车东站西广场,,,
西湖茶场村,,,
现代置业大厦,西楼,,
水湘人家南苑,,,
香溢白金海岸,,,
诺基亚西门子,,,
浙江外国语学院,小和山校区,,
春漫里商业街,,,
桂花城,春晓苑,,
佳苑,0排,,
彩虹城步行街,,,
杭州出口加工区,,,
茶厂宿舍,,,
龙湖夜阑珊,0期,,
九曲营步行街,,,
虎山,汪家村,,
香积寺东路,,,
塘里,曹家村,,
顺家湾新苑,,,
南庄兜东苑,,,
杭州汽车东站小商品市场,,,
亿丰家居建材城,,,
乔司,三鑫工业园,,
对门山0弄,,,
桃李苑生活区,,,
丰家山,0区,,
世茂江滨,0期,,
道,文0西路,,
大家水岸青云碧水苑,,,
华瑞湘湖美地小区,,,
武林0号,,,
汀州花苑,北区,,
浙江商业职业技术学院,德胜校区,,
复地黄龙和山,,,
滨康0苑小区,,,
西郊半岛,云龙阁,,
五福苑,0苑,,
新世界铂悦轩,,,
香格里拉大酒店,,,
龙湖滟阑山,0期,,
湖畔宽邸,中央郡,,
佳境天城,境合苑,,
朱家角,康盛小区,,
新武林门电器市场,,,
江南市场路,,,
三墩,同仁家园,,
钱塘滨和花园,,,
大寺弄步行街,,,
人力资源部,,,
杭富沿江公路,,,
三堡东方大厦,,,
海南半岛,西区,,
汀洲花苑,北区,,
民营企业发展大厦,,,
赞成岭上花苑,,,
金成庭院深深,,,
下沙科技园区路,,,
国航股份浙江分公司,,,
老余杭镇,,,
薛家埠0区,,,
南岸晶都花园,,,
北景枫丹苑,,,
协安紫郡西苑,,,
临安,锦北街道,,
龙湖滟阑珊,0期,,
临东,新河东路,,
钱江水晶澜轩,,,
转塘,凌家桥,,
龙湖燕南山,0期,,
美达晓城天地,,,
九龙0号,,,
世茂0期,,,
杭齿厂宿舍,,,
南北西岸花园,,,
浙江太古可口可乐饮料有限公司,,,
顾家总部大楼,,,
杨家沁苑,南苑,,
千百万0楼,,,
四季青,中州精品女装,,
塘栖步行街,,,
南都德伽,西区,,
杭州实验外国语学校,中学,,
西,小营门,,
十二堡,0组,,
象山艺坊画室,,,
江干九堡,,,
东厦,东港花苑,,
城中香格里拉大酒店,,,
后珠美都雅苑,,,
太平门南街,,,
莫邪塘南村,,,
科技学院西和公寓,,,
欧亚达家居广场,,,
行政中心综合楼,,,
半山杭钢南苑,,,
五常,白庙工业区,,
嘉绿景苑,西苑,,
浙江亿丰家居建材城,,,
衙前大酒店商务楼,,,
成蹊苑生活区,,,
西溪水岸花苑,,,
三杭蒙特费罗电梯部件有限公司,,,
外国语学院,小和山校区,,
商业职业技术学院,德胜校区,,
学苑春晓,,,
北房标准厂房,,,
红楼之星小区,,,
回澜初中,北校区,,
东梓坞口路,,,
第一通道,东区,,
竹海水运,春风里,,
临平,苑中园,,
中建局项目部,,,
朗诗未来街,,,
萧山区政府,综合楼,,
汽车车站小商品市场,,,
水墩,0组,,
杭州大厦购物城,,,
交通银行,浙江省分行,,
城西污水处理厂,,,
良渚,荆大路,,
西荡苑梨苑,,,
和谐嘉苑,南苑,,
云石,青山村,,
老东岳,东0弄,,
丁桥,北城枫景苑,,
翠苑逸景湾,,,
余杭,钱江经济开发区,,
新时代家居生活广场,,,
金色年华老年公寓,,,
新城山语苑,,,
浙江传媒学校生活区,,,
假山弄,盛德嘉苑,,
东新,0区,,
云水物美源隆大厦,,,
五福亭,0期,,
竹竿巷,浙报公寓,,
区政府,综合楼,,
勾庄,上洋桥,,
运河汽车互联网产业园,,,
瑞立东方花城,,,
西溪湿地龙舌嘴路,,,
江边,老码头,,
梅城镇,中弄,,
中国美术学院,象山中心校区,,
新天地世嘉新座,,,
建华,0区,,
海关出口加工区,,,
朗郡庭院,君悦阁,,
太古可口可乐,,,
新常,行政村,,
丁桥,邻里人家,东苑,
大关,苑中路,,
南门江住宅区,,,
仁苑商铺,,,
高教东区,,,
花鸿怡景花城,闻莺苑,,
丁桥,美邻嘉苑,,
浙江省水利河口研究院,,,
阳光华城,华翠园,,
浙江省农科院,植微所,,
湖山帝景湾,南苑,,
孤山后山路,,,
九里松花苑,,,
集美岸上蓝山,,,
西小河中心街,,,
国家西溪湿地公园,,,
农二场场部,恒逸员工宿舍,,
信义坊步行街,,,
杭州进出口加工区,,,
三角佃,0组,,
香吉寺西路,,,
供电局宿舍,,,
瓜山南苑新居,,,
广厦天都城,天月苑,,
岸上蓝山星河苑,,,
萧山电厂宿舍,,,
万向职业技术学院,老校区,,
杭州华源前线能源设备有限公司,,,
姚家埭,0组,,
西侧0楼,,,
天都城,天星苑,,
肖邦,0期,,
绿城桃源小镇,,,
龙坞,龙门坎小路里,,
商铺0-0号,,,
家境天城,天合苑,,
雅培眼力健杭州制药有限公司,,,
九州通集团杭州医药有限公司,,,
半岛水岸华庭,,,
学生宿舍,0号楼,,
浙江省蒙台梭利儿童发展研究院,,,
莱茵知己花苑,,,
武林厂宿舍,,,
晨光绿苑,北苑,,
北干0苑社区,,,
麻纺厂宿舍,,,
文澜雅苑小区,,,
千岛湖中等职业学校,,,
新凉亭,0组,,
淡竹国家水上训练基地,,,
皋亭,神龙桥,,
进出口加工区,,,
第六空间灯天下,,,
得力名门世家,,,
桐庐县,开发区,,
里士湖,科创园,,
艮山门货场,,,
丁桥,长睦锦苑,,
东侧0号,,,
东方0号,,,
农一场,,,
城隍牌楼巷,,,
金帝海珀,0期,,
西门子开关,,,
杭萧钢构公司,宿舍楼,,
富春,江东0路,,
恒大建材家居博览中心,,,
厦门航空住勤楼,,,
天竺斗,0组,,
小林,陈家木桥,,
浙江国裕隧道管片制造有限公司,,,
浙江益海嘉里食品工业有限公司,,,
中信银行,杭州分行,,
世贸0期,,,
大堂0楼,,,
西坞,西坞畈公寓,,
武林门,长征新村,,
西溪金座,0座,,
东部数码港,,,
建德,化工二厂,,
龙湖燕澜山,0期,,
水稻所试验场,,,
顺坝,利群东路,,
春华,潘村路,,
吴下庙桥路,,,
前进,中心路,,
仓前,文0西路,,
与,宁东路,,
五杭,万丰西路,,
老汽车东站小商品市场,,,
峡山头,0组,,
板桥乡,西村,,
城南,灯郎张村,,
天阳美林湾,翠谷苑,,
万塘汇,南楼,,
广州汽车集团乘用车(杭州)有限公司,,,
钱江科教城,林之语嘉园,,
西延,瑞金华丽嘉苑,,
潮都加油站西站,,,
仓前,羊锅村,,
卦畈,浙江盛龙装饰材料有限公司,,
东信城,研发楼,,
华源前线能源设备有限公司,,,
黄龙世纪苑,,,
瑞思学科英语,,,
块东,塘河村,,
通惠丽港,,,
北,中天mcc大厦,,
长睦邻里,东苑,,
不二家杭州食品有限公司,,,
场口阳光家园,,,
浙江长龙航空有限公司,办公大楼,,
浙江金融职业学院,,,
近江苑路,,,
绿城西溪世纪广场,,,
萧山国际俱乐部,,,
国家高新企业孵化器,,,
凯旋门南商业中心,,,
渡口网络大厦,,,
共享服务中心,行政组,,
建德,新安江,,
大井,水东村,,
服装厂宿舍,,,
无门牌0号,,,
江南水岸华庭,,,
洋口,0组,,
浙江经济职业技术学院,创业园,,
北宸之光,0期,,
湘湖林语,,,
展诚工地项目部,,,
假日酒店,商务楼,,
安置改造房耀圣建设项目部,,,
清风万和苑,,,
杭州新时代家居生活广场,,,
七贤山居,综合楼,,
四桥落桥处,锦绣江南,,
半山,孙家门,,
西溪天堂,杭州西溪喜来登度假酒店,,
小南门公交站,,,
仁桥,瑞韵家居,,
长板里,长板里小区,,
桥亭,0组,,
三华天运花园,,,
金家兜,0组,,
西杨梅岭村路,,,
临安市,计划生育指导站,,
青山污水处理有限公司,,,
拱北,左岸花园,,
园乡名筑,,,
珠山王家村,,,
金鑫国际家居广场,,,
大店口工业区,,,
国家级科技企业孵化园,,,
西溪花城,东北区,,
上水陆寺巷,,,
金地天逸,售楼部,,
小龙驹坞路,,,
江口,世纪联华,,
高尔夫北路,,,
石门,外石门,,
五金工具厂宿舍,,,
头蓬,春园村,,
原筑壹号,,,
百尺娄,常源弄,,
西湖,文0路,,
临浦步行街,,,
旅游学院,旅行社,,
天汇园,星云地带,,
新加坡科技园区路,,,
桐庐,瑶林路,,
崇化,金家埭社区,,
瑞金华庭嘉苑,,,
发,杭州市,,
淅江省,杭州市,,
传化科技城,科创大厦,,
临平南站,地铁站,,
佳镜天城,镜合苑,,
梅家坞旅游服务有限公司,,,
药厂宿舍,,,
超山,杭州超耐实业有限公司,,
万寿桥社区,下街,,
招商银行,杭州分行,,
蓝桥名苑,南苑,,
崇贤西金湾,速运营业点,,
北干二苑,新安寓,,
郎君庭院,君悦阁,,
徐惠清,转塘镇,,
新生塘里,曹家村,,
金鸡山,0组,,
号,瑞鼎大厦,,
高速交警,杭州支队,,
文三西路,沁雅花园,,
第五通道,西区,,
御道东区,,,
怡丰城,售楼部,,
十五堡,0组,,
小林,陈家木桥,,
北秀向阳苑,北区,,
茅山,汾口中学,,
杭州,文0西路,,
彭埠,新和嘉苑,,
五杭,万丰东路,,
汽车城汽配市场,,,
阿里巴巴,西溪淘宝城,,
运河,西苑,,
浙江艺术职业学院,东冠校区,,
恒逸南岸明珠广场,,,
大井华东家禽市场,,,
萧山商业城,机电市场,,
杭发厂宿舍,,,
周浦翁家埭,0组,,
香溢城中花苑,,,
开元度假村,,,
水乡华庭,,,
横饮马井巷,,,
望江新苑,0苑,,
老北京炸,酱面,,
禹杭直街,,,
师范钱江学院,下沙校区,,
石塘前,0组,,
新安江东路,,,
优盘时代,0号楼,,
严东关西路,,,
海外海杭州商城,,,
州,浙江省,杭州市,
五老峰隧道,青龙山庄,,
东横塘,0组,,
田头庄,0组,,
观音塘,0号路,,
华城和瑞科技广场,,,
庙东,复兴弄,,
杭州火车东站,东广场,,
乌枫塘,0组,,
大关西苑,0苑,,
体育职业技术学院,萧山校区,,
文海实验学校小学,,,
杨岭,汪家山脚,,
茅家浜,0组,,
桥南,江南春公寓,,
洄澜初中,北校区,,
浙江警察学院,临安校区,,
邮电局宿舍,,,
国家企业孵化器,,,
索美国际家居建材广场,,,
丁桥佳苑,数码城,,
艳澜山,0期,,
西兴,庙后王路,,
北城枫景苑,,,
省,杭州市,,
群建农居点,东区,,
超级星期天,,,
泰尔茂,0期,,
钱江四桥落桥处,锦绣江南,,
苗后王路,,,
独山新苑,南苑,,
云石,顾家溪村,,
龙湖武林0里,售楼处,,
三鑫工业,鑫国路,,
杭州恩斯克万达电动转向系统有限公司,,,
万盛汽车摩托车配件有限公司,,,
杭州地铁蜀山车辆段,,,
浙大一院教学科研中心,,,
萧山区第二中等职业学校,,,
店面0号,,,
华为技术有限公司,杭州研究所,,
白马湖,鸿雁苑,,
梅花楼,电信局,,
庆春隧道,侨商大厦,,
阀门厂宿舍,,,
雅观,塘楼村,,
恒大国际建材家居博览中心,,,
浙江东南外国语职业学校,,,
东方福邸,0期,,
小和山科技学院,东和公寓,,
砖瓦厂电子,,,
桥里,永翔加油站,,
德圣城品华庭,,,
砂之船人马街,,,
水星阁,东区,,
城北大厦,小商品市场,,
汽车客运西站,综合楼,,
省级机关,武林门幼儿园,,
春江花月,潇湘苑,,
融创富春0号苑,,,
天屿度假村,,,
建德市,新安江镇,,
新大地步行街,,,
英冠天地步行街,,,
水利河口研究院,,,
闻堰,三江花园,,
中赢时代风景苑,,,
中医药大学校,公寓,,
中铁局项目部,,,
洛家庄西苑,,,
杭州新天地总部大楼,,,
和睦乔,0组,,
东方通信城,研发楼,,
义桥新大桥南,杭州东亚织造有限公司,,
赞城香颂,0期,,
宏都宾馆,商务楼,,
横横塘,0组,,
西0-0幢,,,
顾家埠,西区,,
紫之隧道项目部,,,
海康威视,0期,,
花都国际俱乐部,,,
杭州奥体博览中心项目部,,,
大关南0苑小区,,,
萧山市,临浦镇,,
上海隧道项目部,,,
浙江吉利控股集团公司,汽车销售有限公司,,
电厂宿舍,,,
杭州疗养院,贵宾楼,,
钦堂乡,工业功能区,,
富阳县,富春街道,,
南部物流城,,,
社会保障管理中心,,,
新农村第0排,,,
清华长三角研究院,杭州分院,,
信达外国语学校生活区,,,
临平,安东景苑,,
颜楼设计,,,
大浒东苑,停车场,,
八达建设工地项目部,,,
海外海秀,水民苑,,
沿江板块,世茂江滨花园,,
富士康钱江工业园区,,,
后塘,办公楼,,
自己电台私家车第一广播,,,
老盘头,金草农庄,,
亿萨卡国际,鹭江苑,,
玉山,国石村,,
金都雅范,民丰苑,,
徐元纳酒店大厅,,,
杨岱,上扬路,,
杨家涧,0组,,
公安大楼宿舍,,,
明华名乐花苑,,,
运营中心销售部,,,
塘里陈,综合楼,,
梅泰克诺门业有限公司,,,
风都,国铺路,,
建设职业技术学院,萧山校区,,
浙江省乔司监狱星野花苑,北区,,
钟山乡,老年活动中心,,
省水利河口研究院,,,
苕溪堤防河道,,,
东厦东巷小区,,,
浙江市,杭州市,,
南河羊桥头,杭州纳声塔县有线公司,,
江干区公安局,杭州开发分局,,
国家税物局,昌化税务分局,,
白杨街道经济开发区,科技园区路,,
许贤,N光村,,
浦沿老街,,,
桐庐农商银行,富春江支行,七里泷分里处,
塘栖塘南,春晖小区,,
好妈妈手擀面,,,
康桥中青商业大厦,电信营业厅,,
洋安,行政村,,
渡房,0组,,
铺门牌号,,,
杭州永达物业有限公司,河上分公司,,
澳海香樟苑,售楼部,,
西子三水公寓,,,
塘外曹家,0组,,
中石化,杭州余杭分公司,,
附近,东南网架股份有限公司,,
枫庐县,米兰大厦,,
瑞豪中心酒店商务中心,,,
兰溪口车站,,,
底铺0号,,,
号,天猫,文0西路,
高家弯,金家汇,,
华一塑胶有限公司,办公区,,
氪空间,杭州梦想小镇社区,,
宣阳市,富阳,,
岔口,灵德里,,
蒲公英学校宿舍,,,
西湖转塘转,,,
浙江富阳口岸国际物流有限公司,,,
九堡,汉庭连锁酒店,,
上泗法庭,徐菁,,
交互处,世茂江滨花园,,
梨头金,奇佳皮革厂,院,
第一人民医院派出所,,,
市第七人民医院宿舍,,,
杭州城北电气,,,
中策橡胶集团有限公司销售部,,,
宋都东东郡国际郎湾,,,
中国轻纺城,瑞纺贸易城,,
沿山,华家弄,,
上东名筑,速运营业点,,
岩山叉口,阿佳超市,,
东南网架股份有限公司,,,
浪川乡初级中学,,,
袁浦敬老院,,,
庙外0号,,,
欣堂乡工业功能区,,,
国金中心项目部,,,
九天国际服装城发展中心,,,
家唯尔家纺,,,
夏成武,武林广场,,
家灯,上塘路,,
大关南苑,0苑,,
锦城,碧桂苑,,
候潮府售楼部,,,
义蓬,华润万家,,
农业发展银行,浙江省分行,,
四岭,贝尔电器,,
协家庄,梧桐燕庐,,
化城,红旗组,,
受祥,金都网球俱乐部,,
北京外国语学校项目部,,,
浙江省肿瘤医院,肿瘤研究所,,
化妆品部,sk-ii专柜,,
山葵家品牌管理有限公司,,,
上城交警城站,中队,,
裙0楼,太平人寿,,
盾0期,混凝土有限公司,,
教师专修学校,附属小学,,
亭址,滩里新苑,,
时代二配,谢谢,,
富阳城东派出所,,,
孔家埭创业园,,,
电信股份有限公司,淳安分公司,,
水博园大酒店项目部,,,
海正药业,胥口镇,,
幢,0单元,,
兰韵天成物业管理中心,,,
浙江财经学院,下沙校区,,
栖凤苑,供电所,,
中迪三水花园,,,
后珠美都雅苑,,,
华志骄阳,转塘镇,,
雅乐口腔医院,,,
八堡,0区,,
淳爱口腔门诊部,,,
小和山西院,,,
西陈,后加国鱼乐园,,
必胜客欢乐餐厅,武林店,,
星桥,绵绣嘉苑,,
往处,西溪阳光,,
邵家汇宏厨房设备厂,,,
钱江四桥落脚处,锦绣江南,,
上潘塘,周家斗,0组,
缪家菜场小商品市场,,,
艺术空间综合楼,,,
维笑口腔门诊,,,
彩虹花边厂宿舍,,,
长山,行政村,,
艺尚里售楼部,,,
宏山淳安圆梦居,农家乐,,
大家大家,多立方,,
杭州萧山华利金属网家具有限公司,,,
宋城老生活区,,,
杭钢北苑生活区,,,
浙江东兴建设有限公司项目部,,,
中天建设人寿大厦项目部,,,
沈家坞,0组,,
景瑞御华府上海久住项目部,,,
花桥头,0组,,
华汇寺,下黄,,
九间头,0组,,
毛家浜,0组,,
十三堡,0组,,
七一五所生活区,,,
文渊狮城项目部,,,
杭州水泥厂生活区,,,
朱家门,0组,,
杏古墩,0组,,
快速工地项目部,,,
九龙仓雍景山城地产项目部,,,
下沙传媒学校生活区,,,
乔司0堡,0组,,
陆家敦,0组,,
赞成首府项目部,,,
杭州建工安装技术学校项目部,,,
闻家塘,0组,,
兴本服饰,0组,,
桥东门,0组,,
宝鼎大厦项目部,,,
浙江商会大厦项目部,,,
运河李家塘,0组,,
王家门,0组,,
建工集团项目部,,,
章家浜,0组,,
梅东,0组,,
柴香坞,坞儿宝0组,,
范家斗,0组,,
浙江国泰建设集团项目部,,,
诺贝尔陶瓷厂生活区,,,
东伟基建设集团项目部,,,
盈丰大象国际中心项目部,,,
广济酒店项目部,,,
陆家塘,0组,,
东山陈,0组,,
万科世纪之光工地项目部,,,
木桥头,0组,,
浙江耀厦公司项目部,,,
余杭,0组,,
盛家里,0组,,
老虎浜,0组,,
应家弄,0组,,
沈家塘,0组,,
解放军0医院生活区,,,
南仲家湾,0组,,
孔家j,0组,,
大家房,0组,,
倪桥头,0组,,
万科钱塘府项目部,,,
恒誉工地生活区,,,
华东院项目部,,,
凌家坞,0组,,
含晖苑生活区,,,
浙富公司项目部,,,
盈丰东阳三建大象国际项目部,,,
张家墩,0组,,
浙江建工集团工地项目部,,,
松何,0组村,,
云泉唐家,0组,,
春闻家湾,0组,,
余杭,乔司,方桥,0组
黄家,救王浦,0组,
杭州公馆项目部,,,
渔池头,0组,,
郎家塘,0组,,
仪门,0组,,
浙经院玉屏州生活区,,,
万宝城项目部,,,
梓树花苑项目部,,,
骨沙墩,0组,,
亭址费庄,0组,,
钢铁厂生活区,,,
玲珑天城项目部,,,
华元欢乐城项目部,,,
华东勘测设计研究院,,,
浙大创新院楼东大楼,,,
建德县新安江,,,
真皋亭沈家苑,,,
靖江其门堂超市,,,
浙江爱生药业有限公司销售部,,,
家畈,0组,,
耀华建设项目部工地宿舍,,,
桥面沈杭州赛飞羽绒制品有限公司,,,
师范大学校仓前校区,,,
秋家坞公交站台,,,
九溪西湖花园,,,
刘家0莲花镇政府,,,
腹地连城北门,,,
蓝孔雀工地浙江宇业项目部,,,
嬉皮老爹日韩童装,,,
盈上桥头好易多购物超市,,,
双休日请不要送货谢谢,,,
冲床城杭州升起钢铁有限公司,,,
汽车米家别克销售有限公司,,,
杭州钢铁厂生活区,,,
亭趾阮家湾,0组,,
龙兴建设余杭妇幼保健院项目部,,,
大唐头,0组,,
综治委,0组,,
浙江省交工集团项目部,,,
永和,0组,,
黄家救王浦片,0组,,
新生陆家坛,0组,,
南庄兜,0组,,
杭州理想银泰城项目部,,,
西仲家湾,0组,,
下丰头,0组,,
红联0组,公交站,,
横梗头,0组,,
管家塘,0组,,
沈家寨,0组,,
余杭中医院工地项目部,,,
过度房,0组,,
西江王片,0组,,
联合自然,0组,,
正坞口,0组,,
召家斗,0组,,
浙江一建福利中心项目部,,,
奥克斯缔一城南通三建生活区,,,
安家角,0组,,
南河头,0组,,
莫家抖,0组,,
云荷廷中建0局项目部,,,
河塘下,0组,,
饰组,盛运服饰,,
江家河,0组,,
浙江东宁建设项目部,,,
硅谷工地福建惠三项目部,,,
杭州友成机工有限公司生活区,,,
音乐学院项目部,,,
梅永线,0组,,
西塘河,0组,,
赵家塘,0组,,
杭江材财主埭,0组,,
春天阳光名城项目部,,,
浙江医院项目部,,,
永西东桥头,0组,,
林家斗,0组,,
莫家浜,0组,,
雨润工地生活区,,,
丰北材,0组,,
三官堂,0组,,
奥体博览中心项目部,,,
屯里,0组,,
玖玖国际财富中心项目部,,,
杭州新三台山艺术学校生活区,,,
哈尔斯工地项目部,,,
黎明衬,0组,,
小白象山,0组,,
荷花池头,0组,,
万科大都会中天项目部,,,
何家塘,0组,,
钱童潘家头,0组,,
安然斗,0组,,
天开河西,0组,,
圣堂0组,公交站,,
向阳嘉苑雷山,0组,,
浙江影视中心项目部,,,
柯家头,0组,,
赵家湾,0组,,
山北山北生活区,,,
二十四度,0组,,
万宝城工地项目部,,,
福建0建项目部,,,
江干区学院生活区,,,
亭趾南栅口,0组,,
新闸头,0组,,
行宫堂,0组,,
徐家埠,0组,,
南栅口,0组,,
何家弄,0组,,
后坞口,0组,,
建筑国际心张中心项目部,,,
萧山沿片,0组,,
腾达建设股份有限公司项目部,,,
西组,0宝村,,
泥桥头,0组,,
国丰集团项目部,,,
钱塘府项目部,,,
东方星城项目部,,,
绍家坝,0组,,
大石块,0组,,
闸口富星,0组,,
山口,0组,,
马家井,0组,,
盛家河,0组,,
小乔头,0组,,
孔家埠,0组,,
钟家墩,竹叶壳,0组,
宜养片,0组,,
三新新建,0组,,
张家弄,0组,,
宜家埠,0组,,
孔家蛟,0组,,
计量本部生活区,,,
坝儿斗,0组,,
施家墩,0组,,
向中铁0局项目部,,,
万善庵,0组,,
中国建筑第二工程局项目部,,,
深蓝国际中建0局项目部,,,
马加井,0组,,
塘家斗,0组,,
龙口浜,0组,,
钟家角,0组,,
中庆建设余杭公馆项目部,,,
融创玖樟台项目部,,,
公益房金城建设项目部,,,
上林寺,0组,,
牛坞弄,0组,,
黄家边,0组,,
城北市民健身中心工地项目部,,,
万乐0组,纸箱厂,,
王家斗,0组,,
大夫里,0组,,
鲶鱼头,0组,,
中后街弄,0组,,
杨亭弯杨亭弯,0组,,
工商学院生活区,,,
陈家堂,0组,,
十四堡,0组,,
浙江水利水电学校生活区,,,
姚家湾,0组,,
嵩阳苑生活区,,,
万科玉泉耀厦项目部,,,
石山头,0组,,
亭趾费庄,0组,,
盛乐存,0组,,
二铸厂生活区,,,
杭州市城西污水处理厂项目部,,,
现代科学院生活区,,,
城西结网,0组,,
浙江再生手拉手汽车部件有限公司,,,
城南,杭州杰丰服装有限公司,,
岩门,0组,,
唐家墩,0组,,
市地,新三联照明电器有限公司,,
蕻墩塘,0组,,
大湖头,0组,,
侯潮府亚厦项目部,,,
地接室,浙江久正工程检测有限公司,,
浙江天瑞项目管理有限公司,余杭分公司,,
虎台控股集团,杭州拓福工贸有限公司,,
王家塘,0组,,
运通奥迪汽车销售服务有限公司销售部,,,
湾建筑集团有限公司,机场路,,
星马汽车零部件有限公司,,,
油库,杭州成长石油化工有限公司,,
磨刀,杭州萧山腾达五金有限公司,,
杭州南车城市轨道交通有限公司,,,
笨家坞,0组,,
市总工会组织部,,,
施度黄家,0组,,
凑沿金片,0组,,
杭州天和建设集团有限公司工地,,,
凤新0组,加油站,,
杭州三杭蒙特费罗电梯部件有限公司,,,
传化物流基地生活区,,,
章家堡,0组,,
传媒嵩阳苑生活区,,,
余杭乔司葛家车,0组,,
东溪,狮子山东,瑞文具有限公司,
杭江财主埭,0组,,
杭州宜家房屋置换有限公司,,,
浙江吉利汽车研究院有限公司,杭州分公司,,
华东医药供应链管理杭州有限公司,,,
桐庐康尔医疗器械有限公司,城,,
北姚家,0组,,
通达集团生活区,,,
人寿大厦工地项目部,,,
城南_l^,杭州澳Z生物科技有限公司,,
乔道朝阳,0组,,
H0层,聚望绣品有限公司,,
杭州市公共交通集团有限公司,公交物业分公司,,
杭州星乔瑞汽车零部件有限公司,,,
空港新天地商城项目部,,,
往前公里,伟宇运输有限公司,,
联发塘口,杭州圣力包装有限公司,,
绍鲁前山,0组,,
下姚家,0组,,
周家塘,0组,,
潘家堂,0组,,
桥湖林青狮斗,0组,,
今色,门源科技有限公司,,
河庄新和,0组,,
浙江环茂自控科技有限公司商务部,,,
松溪平山,杭州登好包装印务有限公司,,
项目部中路,,,
红山出口,杭州谢江五金金家具有限公司,,
龙湖武林九里项目部,,,
宏畔卫家埭,0组,,
李山江边,浙江一鸣包装印刷有限公司,,
蔬科后,0组,,
俞家角,0组,,
欢乐城项目部,,,
订单组,朱苏英收,,
水务有限公司塘栖供水分公司,,,
西子门高压开关有限公司,,,
长安福特汽车有限公司,杭州分公司,,
长钱畈,0组,,
富春江集团工地项目部,,,
浙一建美院国际馆项目部,,,
坑西,杭州名剑机械有限公司,,
漳坞新庄,0组,,
农工商项目部生活区,,,
杭钢西苑生活区,,,
过渡房,0组,,
会山存,杭州亚邦新材料有限公司,,
静堂弄,正兴牧业有限公司,,
小桥畈,0组,,
优印包,装杭州优印包装印刷有限公司,,
杭州依卡特汽车零部件有限公司,,,
孙家孙,浙江创想节能科技有限公司,,
沈家斗,0组,,
沙桥东,泰营金属制品有限公司,,
东将湾西城,博司小区,,
塘丁,山河村社区,,
富义仓0,盒骨董珠宝设计工作室,,
三墩东,蒋湾路,,
水门,南弄小区,,
国家水上训练基地,,,
溪东车站小商品市场,,,
南侧,0楼,,
寄快递#,,,
叉车厂宿舍,,,
市汽车东站小商品市场,,,
寺前,新益佳超市,,
里亭,春晖社区,,
梵龙,外垫村,,
塘河,东沙斗,,
领尚美居,顾家保利仓库,,
润和亿城家园,,,
星海国际酒店销售部,,,
金鑫建材家居广场楼,,,
后河东,五金建材,,
文晖科技综合楼,,,
小市,场北弄,,
勇进实验学校,望江校区,,
九龙仓世纪华府销售部,,,
凯恩大酒店大厅,,,
世纪联华收货仓库,,,
公望会会所售楼中心,,,
海洋二所,新科研大楼,,
圣山科,纺云霓路,,
半山公,租房田园,,
老杭,派治街,,
融创河滨之城,宝华商店,,
观前,黄泥山,,
富丽华华,民化纤辅料有限公司,,
兄弟水果,刘亚伟收,,
建德,红狮安仁建材有限公司,,
下沙街道,科技园区路,,
临安市公安局,森林派出所,,
奥迪4s店销售部,,,
百瑞运河大饭店楼,,,
诚东小吃街,,,
湿地西北,西溪花园,,
双浦韵达快递,收,,
良渚勾庄,博园西路,,
米客巧克力,九堡家苑,,
杭州达怡假日宾馆,东风公寓,,
清竹篮庭,品竹苑,,
毛纺厂宿舍,,,
钱江厂宿舍,,,
银泰百货,西湖店,,
九保,新江花园,,
融信澜天售楼部,,,
笕桥东,小营门,,
东琳错,世纪华联超市,,
中铁航空港集团,杭州工程有限公司,,
朝晖,0区,,
东华链条,北区,,
老厂,振华热化玻璃有限公司,,
余杭中医院工地项目部,,,
迪欧家居,风马广告,,
望望江府,中品家居,,
浙江建设技师学院,富春校区,,
袁浦,三杭电梯部件厂,,
半山,城北大厦,,
盒达城,万豪国际,,
上新,屋东路,,
春江棉纺厂宿舍,,,
华圣,东方家苑,,
东溪,恒一模具加工中心,,
新民半岛,雨径轩,,
杭州烧伤专科医院,机场路,,
银湖华庭,云顶,,
水电厂宿舍,,,
士天都城,爱丽山庄,,
富义仓0-0,未凉茶馆,,
丁桥,商务楼路,,
杭州第一人民医院,桐庐分院,,
致合,合堂街,,
姚家坞画室,,,
佳敬天城,仁和苑,,
手表厂宿舍,,,
红旗畈讯和机械有限公司,,,
杭银消费金融公司营业部,,,
红垦0号桥西,杭州杭新印花整理有限公司,,
秋丰,秋丰社区,,
同人口腔医院,,,
天的城,天湖苑,,
永丰闸东,杭州萧山永丰化工有限公司,,
老板集团,杭州诺邦股份有限公司,,
官山自来水厂宿舍,,,
名城左岸花园,,,
金衙庄,铭扬大厦,,
货梯口顺丰,,,
宋都丽君国际售楼部,,,
新国道,阿宝石材市场,,
杭州顺昌大酒店停车场,,,
河南王,好又多超市,,
大有别克4s店,,,
翠城,云林苑,,
科尔房产,南城景园,,
周家逮,吴家塘,,
新安江,杉杉山庄,,
龙湖明景台商铺,,,
萧山农商银行,进化支行,,
临浦镇卫生院宿舍,,,
邮政速递ems,,,
唐家坞综合市场,,,
新华,0号,,
同城,印象花苑,,
钱江鞋城保安队,,,
赞成林枫,沁林苑,,
上海三菱电梯,浙江分公司,,
东桥头,自然村,,
东城科技办公楼,,,
金家田,王头大龙集团,,
后山,南方家园,,
万业金沙湖0号,,,
萧山,北干,杭州萧山国际商务中心,
龙元建设工地,世贸中心,,
驼家庄,东苑,,
马目,新安迈图有机硅基地,,
南江商业中心停车场,,,
能源部落健身房,,,
兰桂坊国际商务会所,,,
敏华气体门市部,,,
美丽洲良,著花苑,,
柏盛渡口大夏,,,
海澜半道,嘉苑,,
正堂针织,浙江新大西丽雅针织服装有限公司,,
浙江一建福利中心项目部,,,
联华超市,电玩城,,
人民法院宿舍,,,
奥克斯缔一城南通三建生活区,,,
绿城紫桂,沐霞苑,,
机关事务管理局车队,,,
杭州,下沙出口加工区,,
庆春隧道,中建0局,侨商大厦,
颊口,下茆上村,,
永旺新城,永旺超市,,
金尚国际饭店大厅,,,
金东方社,东方郡,,
本庄,杭州鹏兴纺织有限公司,,
中外运空运发展股份有限公司,浙江分公司,,
临港工业,沽港0路,,
梅西,德胜殿往绣花厂,,
块,北丰路,,
杨家墩综合大楼,,,
单元,新和嘉苑,,
良渚创意综合体,杭州美丽洲实业有限公司,,
寺灵隐邮局,边,,
桐芦县,米兰大厦,,
渐江省,临安市,临天0弄,
屠家埭纺织厂,,,
远大纸业仓库小店,,,
国联堂中医门诊部,,,
海城水岸金座,,,
玉交鸟,流苏苑,,
一3远华,f5创新园,,
中粮方圆府,0-0顾园,,
纳薇蓝调喔喔奶糖0谨记是顺丰陆运到付,,,
杭州皎洁口腔保健用品有限公司,,,
茶工坊,秀山大酒店,,
浙江,海宁农业综合开发区,,
宝丽金庭物业,,,
国家高新技术企业孵化器,,,
和睦0期厂房,,,
闸口,施家山,,
浪漫合山,西西苑,,
丰北家苑,三苑,,
绿地旭辉城售楼处,,,
罗梗坝,南埭路,,
白宫大楼工程管理部,,,
赛纺复合面料,杭州亿汇服饰有限公司,,
雷迪森酒店员工宿舍,,,
鲲鹏中心售楼处,,,
云荷廷中建0局项目部,,,
翰墨香林苑,名苑,,
周家角,自然村,,
渔家浜,渔家浜公寓,,
柴家边,温客隆超市,,
萧山新合作医药连锁有限公司,琴山下店,,
清泰立交边,清泰南苑,,
美达北城天地,,,
富越盈座售楼处,,,
建设职业学院创业园,,,
垅大,洋坪路,,
黄山头,金鑫佳苑,,
老临平传统面,,,
临安,天目山镇,,
云门电气股份有限公司,,,
闻堰,临家屋,乐惠多超市,
百尺楼,怡景公寓,,
窑北,三仙角村,,
泰和,天辰国际广场,,
全家,楼上,亚洲皮肤研究中心,
汤家社,锦绣公寓,,
杭州东新园,,,
丁家漾,杭州千紫红装饰工程有限公司,,
洪庄,广丰造纸厂,,
发货人严先生联系电话0,,,
华压门窗厂,,,
中铁0局六公司,二分部,,
杭州,临平,丘山大街,
钦堂乡政府信息中心,,,
乔司派出所南街,,,
大华华领国际,,,
号,西湖国际科技大厦,,
天城,人合苑,,
东峰0,杭州帆客进出口有限公司,,
号,和瑞科技广场,,
千岛湖淡竹国家水上运动中心,,,
临安房源房产,,,
杭州,香溢白金海岸,,
临平,伊世纪花园,,
昙华,民丰0桥,,
打电话就来a,,,
内,0期,,
虹海利中纺城,,,
白南山化工二厂,,,
赵工地,金沙钱宴,,
龙湖叶澜山,0期,,
长城建设,杭州师范大学,,
朗庭院,君悦阁,,
天鸿美和苑,,,
安仁城东工业,,,
余杭派所办证大厅,,,
原野汽配城五金城,,,
福田汽车有限公司工地,,,
萧山时代纺织印染有限公司宿舍,,,
鱼临关,缪家邮局,,
格致南楼,,,
淘宝城,0期,,
萧山钱江科教城,林之语幼儿园,,
思睿0楼,,,
上杭埠,包家小区,,
浙江汉州出口加工区,,,
万通时尚公馆售楼处,,,
五马州电镀产业园区,,,
老浦沿,华家庄新区,,
中国农业银行,杭州中山支行,,
八大,工业建新纺织,,
铭荷苑,新荷坊,,
万向系统有限公司,杭州分公司,,
三业金属制造有限公司,,,
临安市供电局客服中心,,,
大农后珠,农港苑,,
灵寿寺,0巷,,
益海嘉里食品工业有限公司,,,
维多利中心售楼处,,,
蚕桑西苑停车场,,,
景苑,北苑,,
鸿宁裕,桥园路,,
过滤机厂宿舍,,,
浙江东宁建设项目部,,,
硅谷工地福建惠三项目部,,,
浦沿叉口,金盛曼城,,
杭钢医院综合楼,,,
杭州友成机工有限公司生活区,,,
得意义和苑,,,
西溪小海,星海苑,,
八宝,新江花园,,
浙江省对外服务公司,人力资源服务分公司,,
绿城育华翡翠城幼儿园,,,
余杭,良渚,施家湾,
余杭,西溪湿地,纺西路,
农居点九牛房,新美工艺,,
浙江经贸职业技术学院创业园,,,
凯迪银座,全季酒店,,
古荡,嘉绿西苑,,
静塘弄,和顺磁通电子有限公司,,
浙江建工亚厦门卫,,,
德珠商务酒店大厅,,,
下沙出口加工区,,,
桃源安家山,杭州凯亚服饰有限公司,,
良渚大酒店大厅,,,
大家小墅物业公司,,,
中门上海驿站,,,
新时尚家居生活广场,,,
东南纺织厂宿舍,,,
大青横山下,油树坞,,
杭州雅马哈乐器有限公司车队,,,
龙坞,白龙潭景区,,
杭州,西湖,骆家庄,东苑
城厢,赵家弄,,
宁波市,钱江经济开发区,,
石鸽里,水塔桥,,
万亚映像首尔,金沙湖0号,,
省,浙江省,杭州市,
街塘梅岭,自然村,,
天亿欧亚达家居广场,,,
东莲寺,塘狮峰茶厂,,
钱江新诚,诚星路,,
第0人民医院派出所,,,
电力窗口,0号,,
大华建设集团有限公司经营部,,,
杭州之江总部经济园,,,
高官弄公寓,,,
浙江省,省直单位住房基金管理中心,,
和谐嘉华南苑,,,
徐家丬老年活动中心,,,
杭州市体育馆综合楼,,,
佳兆业九龙山小区,,,
九天国际,a106正能量,,
尚善口腔小河门诊,,,
嘟嘟网咖,吧台收,,
浙江华东轻钢建材有限公司销售部,,,
南山综和大楼,,,
元城,东升花园,,
杭州地铁综合维修基地综合楼,,,
溪上,城东污水处理厂,,
皇家0号,,,
好易购家庭购物,,,
临安湍口,众安氡温泉度假酒店,,
钱江世纪万和国际,,,
世贸保利东湾,西区,,
佳境天域,天和苑,,
佰丽源实业依香没计部,,,
萧山体育中心综合楼,,,
丝织厂宿舍,,,
音乐学院项目部,,,
城东假日城,东假曰宾馆,,
市第一人民医院教学楼,,,
李家弄,琴景鞋练,,
医学院综合楼,,,
同仁家同,怡心苑,,
杭州商业职业技术学院,德胜校区,,
山水国际售楼部,,,
安桥头综合楼,,,
长河白马湖,动漫广场,,
华兴服饰,乔司镇,,
金茶华城,景物苑,,
颐高数码城北楼,,,
仓前邮局,仓前邮政局,,
泰山,杭州超耐实业有限公司,,
赞成乐山红叶苑,,,
陈加角,东抖统全超市,,
序长红桥东,杭州东江运输有限公司,,
瓶窑小岭头,杭州益利素勒精线有限公司,,
周家潭,金竺茶业,,
伟南桥北,浙江正凯纺织有限公司,,
八甲,东方通讯科技园区,,
李家坞,枇杷园,,
紫金港行政楼管理学院,,,
东厦东港,东港超市,,
春天阳光名城项目部,,,
西湖^,益仿,,
新溪花桥头,爱家购物,,
符号画室,,,
龙坞,上城埭,南路,
西溪国家湿地公寓,,,
大江口办事服务中心,,,
东溪大华制笔厂,,,
府尚别墅售楼部,,,
窄溪,金瑞宾馆,,
天天快递停车场,,,
康桥街道邮局,邮政局,,
浙江医院项目部,,,
金桥,陈秀嘉园,,
家绿景苑,东西苑,,
新登镇汽车站结算中心,,,
天阳水岸,明珠公寓,,
南丰,严凌路,,
杭州铭品装饰有限公司名门分部,,,
三针服饰,浙江国脉电信设备有限公司,,
南尚埠,庆和苑,,
市坞里,鸡乌垄,,
大关东0苑小区,,,
梧桐弄画室,,,
天和,华丰苑,,
自行车租赁点,杭州市,,
古香大院,园,,
泊林曼谷花苑,美墅园,,
清竹蓝庭,品竹苑,,
春秋,蔡市街,,
永泰集团新热电公司,,,
锦唐三义,三义苑,,
万科大家世纪之光,,,
浦联,蒋家里,,
锅炉厂宿舍,,,
赵一,杭州萧山远大机电有限公司,,
西溪湿,地蒋村,,
溪南桐,庐青鸟新型建材有限公司,,
星北夜道,香颂乐园,,
都商沾B,0,西0,
阿特拉斯,到了提前给我打电话,,
湖南山,金竺机械,,
浙大医学院附属第二医院,,,
杭州万向职业技术学院,新校区,,
南,朝阳东路,,
?天阳文晖售楼部,,,
之江国家旅游局,云计算产业园,,
伯爵商务酒店餐厅,,,
全球面料网大楼,,,
秋风,石塔巷,,
杭州市中级人民法院,徐雁,,
杭州天元涤纶,何咏收,,
行政管理中心综合楼,,,
芝麻开门快递,,,
樟树下,里都,岗亭,
桥家苑,公寓里,,
雨润工地生活区,,,
胡氏条帽厂,,,
底大华,西溪风情,,
官澜临江行政官邸,郡亭公寓,,
横畈,雅观酒厂,,
城管执法局,五常中队,,
后城,如家酒店,,
金富春,富捶装有限公司,,
小河佳苑,北苑,,
姚家畈篮球场,,,
临平车站,区,,
明华名港城售楼部,,,
上甘丘家头,临安华艺服饰有限公司,,
魅力东方娱乐广场,,,
国家科技孵化中心,,,
新天地星城发展大厦,,,
凤起花鸟城,东区,,
高科技孵化器楼大楼,,,
昭庆庆寺里街,,,
桥小北门,,,
西溪碟圆,0期,,
同行业兰金小金,云影苑,,
连庄,0期,,
朝阳工业国北,红普北路,,
临平大酒店商务中心,,,
奥体博览中心项目部,,,
水稻研究所路,,,
杭州口腔医院城,西分院,,
富阳万森汽车零部件有限公司,,,
潘板,杭州骆驼茶业有限公司,,
达利国际达利总部大楼,,,
社井,杭州优顺电子电器有限公司,,
杭州钢铁集团公司办公大楼,,,
四桥下,锦绣江南,,
城隍阁停车场,,,
市,富阳市,区,
灵汇临安青山湖科技,,,
朱家埔,紫金滩农夫山建德工厂,,
滨江科技馆街,,,
旭润和府售楼部,,,
胜,阳光国际,观澜苑,
贵友运输有限公司停车场,,,
金地自城,东苑,,
宁平,东河新区,,
汤青山,田橙制造材料有限公司,,
浅水滩休闲农庄,浙江顺建实业,,
室,文晖大桥东,神州白云大厦,
宇隆公司宿舍楼,,,
杭州科技职业技术学院,高桥校区,,
顺丰点部工号,,,
南陈斗,东蒋湾路,,
竹径云山售楼部,,,
夏峰敬老院,,,
萧山湘湖,美地小区,,
文二西湖,西溪乐谷,,
杭州萧山索美国际家居,建材广场有限公司,,
召家坝,西州园,,
冠苑双子座办公楼,,,
萧山所前驾驶员培训中心,,,
玖玖国际财富中心项目部,,,
杭州,转塘,东昱画室,
东华瑞湘湖,美地小区小区,,
山^,坎山工I@,,
杭州新三台山艺术学校生活区,,,
王谢马步街,,,
农业厂宿舍,,,
孙家坞综合大楼,,,
社会保险管理服务局工伤生育处,,,
桐庐君山阀门厂,,,
鼎仕健身会所二店,,,
良沈线,和,,
坪山千岛湖中等职业学校,,,
哈尔斯工地项目部,,,
武警仓库宿舍,,,
东蒋,弯新桥,,
卡丘尔,0楼,,
联丰地板,木门生活馆,,
新和,人家社区,,
鹿山新城,水印林语小区,,
西部发展研究院大楼,,,
商业城五金市场,,,
坎山人民政府,中街,,
高地,小星桥,,
绿城翡翠城,棠棣苑,,
朱家岱,周富轴承厂,,
西房,锦绣江南,,
坑西下,馒头山,,
厨房,周跃民收,,
晨光录苑,北苑,,
元都房产,宋红梅收,,
杭州城中香格里拉大酒店,,,
杭州萧山星原早期教育中心,,,
万科大都会中天项目部,,,
浙江影视中心项目部,,,
山北山北生活区,,,
万宝城工地项目部,,,
福建0建项目部,,,
江干区学院生活区,,,
建筑国际心张中心项目部,,,
腾达建设股份有限公司项目部,,,
国丰集团项目部,,,
钱塘府项目部,,,
东方星城项目部,,,
计量本部生活区,,,
向中铁0局项目部,,,
中国建筑第二工程局项目部,,,
深蓝国际中建0局项目部,,,
中庆建设余杭公馆项目部,,,
融创玖樟台项目部,,,
公益房金城建设项目部,,,
章晓鸣口腔门诊部,,,
城北市民健身中心工地项目部,,,
民生多仁口腔门诊部,,,
工商学院生活区,,,
浙江水利水电学校生活区,,,
嵩阳苑生活区,,,
万科玉泉耀厦项目部,,,
二铸厂生活区,,,
杭州市城西污水处理厂项目部,,,
现代科学院生活区,,,
浙江再生手拉手汽车部件有限公司,,,
城南,杭州杰丰服装有限公司,,
市地,新三联照明电器有限公司,,
侯潮府亚厦项目部,,,
地接室,浙江久正工程检测有限公司,,
浙江天瑞项目管理有限公司,余杭分公司,,
虎台控股集团,杭州拓福工贸有限公司,,
运通奥迪汽车销售服务有限公司销售部,,,
湾建筑集团有限公司,机场路,,
星马汽车零部件有限公司,,,
油库,杭州成长石油化工有限公司,,
磨刀,杭州萧山腾达五金有限公司,,
杭州南车城市轨道交通有限公司,,,
许耸口腔门诊部,,,
杭州天和建设集团有限公司工地,,,
杭州三杭蒙特费罗电梯部件有限公司,,,
传化物流基地生活区,,,
传媒嵩阳苑生活区,,,
东溪,狮子山东,瑞文具有限公司,
杭州宜家房屋置换有限公司,,,
浙江吉利汽车研究院有限公司,杭州分公司,,
华东医药供应链管理杭州有限公司,,,
桐庐康尔医疗器械有限公司,城,,
通达集团生活区,,,
人寿大厦工地项目部,,,
城南_l^,杭州澳Z生物科技有限公司,,
H0层,聚望绣品有限公司,,
杭州市公共交通集团有限公司,公交物业分公司,,
杭州星乔瑞汽车零部件有限公司,,,
空港新天地商城项目部,,,
往前公里,伟宇运输有限公司,,
联发塘口,杭州圣力包装有限公司,,
今色,门源科技有限公司,,
浙江环茂自控科技有限公司商务部,,,
松溪平山,杭州登好包装印务有限公司,,
项目部中路,,,
红山出口,杭州谢江五金金家具有限公司,,
龙湖武林九里项目部,,,
李山江边,浙江一鸣包装印刷有限公司,,
欢乐城项目部,,,
水务有限公司塘栖供水分公司,,,
西子门高压开关有限公司,,,
长安福特汽车有限公司,杭州分公司,,
富春江集团工地项目部,,,
浙一建美院国际馆项目部,,,
坑西,杭州名剑机械有限公司,,
农工商项目部生活区,,,
杭钢西苑生活区,,,
会山存,杭州亚邦新材料有限公司,,
静堂弄,正兴牧业有限公司,,
优印包,装杭州优印包装印刷有限公司,,
杭州依卡特汽车零部件有限公司,,,
孙家孙,浙江创想节能科技有限公司,,
板畈家苑,北苑,,
西西玫瑰,博雷苑,,
玉常,人和家园,,
杭州海关大楼,缉私局,,
环北服装丝绸城,,,
交通大厦,交通运输局,,
备注收件人是产妇请快递师傅送到楼,,,
浙江华诚建设工程招标代理有限公司,富阳分公司,,
飘飘龙,网络科技有限公司,,
江澜楼阁大酒店,,,
相溢城,中花苑,,
三墩,西国0路,,
集市,西0,雷迪森庄园,
建德,寿昌桥东路,,
中旅城仕公售楼处,水吧,,
章家坝,过渡房,,
直达方伯,万安西苑,,
风景蝶苑,关元,,
浪漫河山,东溪水苑,,
欢喜永宁桥,丰禾西苑,,
三里新城,兰苑社区,,
西溪华东院办公区,,,
新疆杭州疗养院,,,
清波商厦商务,南楼,,
美国道富信息科技有限公司,,,
中国民生银行,杭州湖墅支行,,
雷迪森铂丽大饭店市场,,,
滨江,钱塘山水,,
京明凤凰家苑,,,
东厦,东港花苑,,
城管南苑中队,,,
西溪诚国,致诚苑,,
金地在城,东苑,,
西湖国际大厦,d中,,
杭州申通快递老厂,航都大酒店,,
区,红垦,蒙正路,
平山,天鹅0路,,
南扒山,世纪联华超市,,
玖玖国际售楼部,,,
浙江省第六监狱快递收发室,,,
城东新城,东站,,
老墙门华服馆,,,
门面,0号,,
之江饭店大厅,,,
南山坪,老年活动中心,,
白洋,朱家门,,
学江,缤纷西苑,,
德源,南楼,,
置地国际,置地国际,,
长山隧道,北,杭州金屋防水材料有限公司,
浙江省通信产业服务有限公司,汽车分公司,,
胡姬花苑,西区,,
经济世贸,0期,,
八善井东路,,,
分水剧院站台,,,
吴亚,鸡号,,
杭交工拌合楼试验室,,,
大华科技,华阳通分厂,,
胖大姐小吃炒面,,,
西溪银泰售楼部,,,
良渚君澜度假酒店市场,,,
杭州歌特品轩,西子国际公寓楼,,
西单元,0,姜春燕,
西天目,徐村,,
金坊,0区,,
野风启城,0期,,
湖边原售楼中心,,,
湍口供电所,,,
浙江省人民检察院,侦监处,,
三义锦唐,三义苑,,
杭州市第三医院采购中心,,,
上城看守所,武警中队,,
吉鑫名车馆,金孝敏,,
中央储备粮,杭州直属库,,
集配号门店,,,
斜对面,,,
半山河畔居小区,,,
三,f0创业园,,
坎山,荣新村,,
山北,汀洲花苑,北区,
拱墅,乐福智江园,,
梅华,三胜公寓,,
萧山,顺发和美家,,
向向门牌号,,,
金利浦制衣厂,,,
男帝服饰有限公司,机场路,,
杭二棉,竹桥头农贸市场,,
龙湖0期物业中心,,,
汀联,片,三江超市,
大关,长乐南苑,,
朗境庭院,君悦阁,,
新桥头夜市,,,
姚家乌,金石艺术雕塑有限公司,,
行头,行政村,,
大关西0苑小区,,,
三银银座资募大厦,,,
缪家百瑞汽车修理厂,,,
浙江康达城,北店,,
瓜港东,今仁家具,,
恒纺数码院,杭州吉野机械制造公司,,
金隅田员外,半山东路,,
新都雅苑,和睦苑,,
塘栖,栖里东苑,,
张家0号,,,
上洋州,三江超市,,
杭州边防检查站,执勤中队,,
丁河老年活动中心,,,
里东穆坞里,,,
竹本室设计工作室,,,
三桥边,城市之星,,
文澜府售楼中心,,,
赵武路口,和新南苑,,
桐卢县,旧县街道,,
星0路西,杭州恒达印刷包装有限公司,,
万科七贤郡,东区,,
电工厂宿舍,,,
善成赞成岭,上花苑,,
甘肃省,兰州市,,
江干区公安分局,笕桥派出所,,
精石华城,景湖苑,,
永昌,老猫数码,,
九龙仓,浙江建工工地,,
天,体育场路,,
江苏省,苏州市,,
星光,0期,,
朗郡庭,圆君阅阁,,
万星悦城售楼处,,,
秋口,锦南加油站,,
临平街道政府综合楼,,,
汇锦名店,浙江庞鑫电力能源有限公司,,
纪委国家监察,杭州培训中学,,
寰宇商务中心售楼处,,,
党山,0里桥村,,
金隅观澜O轩,,,
沟沟量贩式ktv,,,
余杭,复地连城国际,,
龙坞,南北朝画室,,
乐平,外0工业园区,,
中医院分院,,,
富阳市法院执行局,,,
新武林门家电市场,,,
毛山,闸王金龙雨伞厂,,
运通网城综合大楼,,,
民丰,六十田路,,
建德市邮政局,白沙储蓄所,,
佳兆业玖珑山营销中心,,,
萧山,中纺博览城,,
二横,吉祥巷,,
杭州建儿口腔医疗诊所,,,
转塘,龙坞茶村,,
传化大地,浙江传化生物技术有限公司,,
国航股份有限公司,浙江分公司,,
交叉口东南,,,
龙湖艳阑山,0期,,
天堂悦椿度假酒店大厅,,,
紫金港收费站,桥下,章家桥幼儿园,
三阳,三阳,闸0组,
屯门海鲜楼,,,
将进入,和谐家园,,
崇贤派出所公交车站,,,
杭州文海实验学校中学,,,
中铁逸都售楼部,,,
鑫火金属建材城,,,
南0苑小区,,,
好望城,三江花园,,
叁理亭,董家苑,,
里东山弄小区,,,
山北山北生活区,,,
毛原岭,东皇压滤机厂,,
全兴汽车零部件(杭州)有限公司,,,
前门,?,,
江干区学院生活区,,,
中央电视台,浙江记者站,,
石岩,湖东村,,
食堂,0楼,,
施家渡,邵家,,
浙江省望江山疗养院体检中心,,,
钱塘人家速运营业部,,,
大友清竹南亭,品竹苑,,
浙江省老字号,,,
下泮塘,自然村,,
自然博物馆,西湖文化广场,,
建筑,觉苑寺巷,,
大音方家井文具用品公司,,,
三鑫工业圆,鑫圆路,,
越山,郑家0路,,
地方税务局稽查局,,,
三河,建澜路,,
黄山,樟树新村,,
合成纤维厂宿舍,,,
和家埠,北地车队,,
天堂万秀台,朝鲜国营餐厅,,
翠院,0区,,
%,0液化空气(杭州)有限公司,,
本人签收,,,
线,下沙西地铁站,,
国家盲人门球训练基地,,,
德意北和苑,,,
浙江申通汽车有限公司销售部,,,
杭州大江东城市设施管养有限公司,,,
叶埠,东山里,,
豪门,新映像婚纱摄影,,
西府多汁牛肉面,中粮方圆府,,
星桥,瑞金华庭,,
公众房网房地产有限责任公司,,,
祥鹏县,四马塘路,,
杭州新桥宾馆,建德分店,,
忆丰家居建材城,,,
重机厂宿舍,,,
春江华月,月华苑,,
龙湖艳南星座售楼处,,,
松龄苑老人公寓,,,
三星厨房精品馆,,,
金沙数码港,,,
东北处,绿城莲园,,
南峰精益求精仪表公司,,,
浦南,张家坂,南秀苑,
富阳,大家彩云苑,,
老余杭,马鞍山雅苑,,
窄溪,高山头,三联东路,
郎群庭院,朗润园,,
晨光绿绿苑,南苑,,
茅乡茶居,,,
祥符,总管堂东苑,,
后坦,民湘路,,
广宇上东铭筑物业管理中心,,,
西溪,华东院餐厅,,
大浒西苑,0苑,,
铺前,杭州利丰竹木有限公司,,
项甬片,金堂桥路,,
西征大线货运市场,,,
杭州萧山发旺有色金属氧化厂,,,
柏山陈公交站,,,
小城私房菜,,,
爱博汽车零部件有限公司,,,
北亚通焊材后,浙江同硕科技有限公司,,
新人民医院工地,,,
商家铺,0区,,
华源,凤城华苑,,
北奥装饰工程部,,,
邵逸夫医院宿舍,,,
巨蟹座门卫,,,
北门保安处,,,
浙江丰南建设集团有限公司宿舍,,,
养生堂有限公司检测中心,,,
章家,云河家园,,
三角,复地连城国际花园,,
水鑫湾,城市雅苑,,
氏,钱江农场,东路,
凯瑞金座科技馆街,,,
五常,绕城口子,西溪水岸,
浙江万捷汽车有限公司装潢部,,,
江东橡塑,杭州明艳颜料化工有限公司,,
南京银行,杭州分行,,
浙江益海家里食品,,,
东蒋湾政府宿舍,,,
未来科技城,余杭法院,,
东北铁锅炖如家酒店,,,
阳光餐厅老年活动中心,,,
姜家,新天地文渊狮城,,
理工0号楼,,,
水口头,自然村,,
高新科技企业孵化器,,,
建设展示中心,金钗待巷,,
服务外包大楼,科技园区路,,
杭州地铁总部大楼,,,
迪凯国际中心楼,,,
恒基旭辉府,俞家塘,,
北城府门口,,,
余杭工业城东路,,,
横户口,水呜,,
盲人门球训练基地,,,
庙前,三义村,,
模型无线电运动中心,,,
歌舞剧院宿舍,,,
v康食品杭州九堡基地,,,
市景芳,东区,,
海正药业厂区红楼,,,
新富,杭州市,,
东方文华苑,步行街,,
和瑞科技城,祥生物业,,
浙江商职院综合楼,,,
云溪蝶谷,翠蝶苑,,
西墅锦园,,,
绿城篮庭欣院,,,
天阳桩榈湾,天兰苑,,
丁桥,广宇上东城,上东领地,
天地自在,鹭影轩,,
钱江电气新厂,朱淼淼,,
久康餐饮管理有限公司,,,
新车站旅馆,,,
半山家苑小区,,,
天鸿君邑步行街,,,
塘西,超山,柴家坞,坞儿斗
碑边亭边,,,
长远,远大村,,
杭州美苑艺坊画室,,,
浙江亿丰家店建材城,,,
形象城,瑞州超市,,
针织城新品区,,,
余杭信达外国语学校小学,,,
桃源春居,西苑,,
华东医药集团,新五丰药业有限公司,,
友谊,行政村,,
白云大厦大厅,,,
乌山,下金村,,
荷花苑农贸市场,,,
万科北辰之光,0期,,
马鞍山雅苑,,,
杭州市地铁集团有限责任公司运营分公司,,,
现代之窗大厦,西楼,,
白南山,新安化工研发大楼,,
浙江美科斯叉车,,,
灵德里,豪庭宾馆,,
京京鱼0谨记,是顺丰陆运到付,,
丰北,行政村,,
苏宁易购,浙江配送中心,,
丁家洋,浙江环乙消毒有限公司,,
民丰河北,桥头超市,,
嘉里中心购物广场,,,
西,吉祥寺弄,,
桥头和苑,欣富食品店,,
岛湖,李家坞,青城山居,
随园嘉树养老管理部,,,
浙江福临门医药,,,
杭州国际假日酒店商务楼,,,
浦山,韩浦0村,,
四桥东,锦绣江南,,
顺家湾公交车站站台,,,
江二春老码头,,,
明辉交通局,金飞汽修,,
黎明花苑综合楼,,,
角,集美岸上蓝山小区,,
东田,玉城路,,
翰公国际,临天0弄,,
上满觉荣,杨家山,,
桃源,下弯村,,
一分厂永池集团,,,
北七贤郡,西区,,
嘟嘟城儿童乐园,,,
邮政边,新星数码店,,
苍三里,新城兰苑,,
拱墅,大关,南0苑,
杭州西奥电梯合同管理部,,,
江南大院饭店,,,
蒋小姐,清波街道,,
曾华峰,超市路,,
浙江省机电设计研究院学生公寓,,,
级进口监管仓库,,,
六保,三官堂小区,,
利二花苑综合楼,,,
华城格之林,红玫苑,,
大寿弄步行街,,,
容大城市花苑,,,
双流老石矿,杭州龙银建材有限公司,,
餐饮部办公室,,,
余杭_l^,A路,,
盈丰种鸡场路,,,
化肥厂宿舍,,,
西季青东大楼政府,,,
力度健身会所销售部,,,
众安,隐龙湾商业广场,,
',杭州吉华高分子材料股份有限公司,,
易辰孚特汽车零部件有限公司,,,
孔乐长青文华创意园,,,
金峰乡敬老院,,,
中大鳄鱼服饰有限公司厂餐厅,,,
金富阳市都茗苑,,,
浙江饭店销售部,,,
同和亭,杭州力盾混凝土外加剂有限公司,,
杭州地铁蜀山车辆基地综合楼,,,
德力名门世家,,,
西溪银座,咪咕数字传媒有限公司,,
高坎,菜家头,,
斯玛特,张栋冬收,,
大东门,华昌塑料包装有限公司,,
凤起立交,华景公寓,,
千洪泗,洲荷村,,
艮山上,0,,
一千七百零,0号,,
东溪前湾镀锌厂,,,
米市巷街道街道卫生服务中心,,,
萧峰建设,0期,,
邵母桥边,杭州金顺纸塑包装有限公司,,
同乐老年病医院,,,
彭埠收费站管理处,,,
五月红大酒店大厅,,,
浙富股份有限工司,金工工厂,,
使境天城,境合苑,,
拱北,总官塘北苑,,
西和,水木清华小区,,
盛世佳苑盛大院,,,
东溪,张家山,汾泉制笔厂,
沈家门小海鲜,,,
塘外张家,0号,,
格之林,绿之苑,,
医院宿舍,,,
曙光之城,机场路,,
杭州图南电子有限公司销售部,,,
中顺物流仓库,c3仓库,,
冠陶瓷品仓库市场,,,
五四,下叶村,,
杭州君阁商务酒店大厅,,,
八方工业建新纺织,,,
塘角,朱家角,,
铁建国际城,一巢公寓,,
曙路,仓溢绿苑,,
佳好佳美居装饰城,,,
天阳棕榈弯,天兰苑,,
浙西三峡码头,,,
昌文华,0期,,
客运西站综合楼,,,
自在城,东苑,,
育蕾学校,运河校区,,
自来水厂宿舍,,,
衣之家,卡西欧,,
五月香山,茗香苑,,
七一五研究所,,,
富阳市,通用阀门管件有限公司,,
圆通寺景区,,,
绿城兰庭,明湖家宴,,
君尚国际饭店,写字楼,,
渔业船舶检验局,浙江省渔业船舶检验局,,
西,华艺星座花苑,,
功臣隧道,成龙建设官山邸,,
众安假日酒店安全部,,,
金通汽配城,形象店营业站,,
浙江医学高筹专科学校,,,
阿里巴巴淘宝城,0期,,
送前电话联系!麻烦!谢谢!,,,
机电职业技术学校创业园,,,
新桥车家埭敬老院,,,
余杭,塘栖,水北街,
新武林门商业中心,,,
树兰实验学校,北校区,,
河家彭,东岸,,
北花苑,辰北花苑,,
明车,上塘路,,
都市丽人步行街,,,
新明丰岛,水岸轩,,
后勤部财务处,,,
枫树岭加油站,加油站,,
八一,高阳村,,
西溪蜗牛房车营地,,,
建民汽修,杭州佰姿家纺有限公司,,
中纺城,衙钱路,,
云顶山庄道,立方建设,,
方千,浙江航民股份有限公司,,
丁桥,长睦邻里人家,东苑,
祥河桥板桥新区,第0排,,
百丈贩0号路,,,
连年进口涂料,,,
河上西,三角,皮皮熊鞋厂,
杭州雪力澳服饰有限公司,配货中心,,
拱墅^,S潭路,,
棉纺厂住宅区,,,
宁安大厦,移动营业厅,,
留下,留和家苑,,
监督管理局,审批处,,
杭州汽车北站小商品市场,,,
临西桥头,褐石公园,,
西山隧道,肖金路,,
h龙庙前,兴和公寓,,
万科北宸之光,0期,,
综合行政执法局,新塘中队,,
杭州绿城育华学校,教师公寓,,
淳安交通局交管科,,,
新都夏宫桃苑,,,
前进邮局,前进邮政局,,
洄澜南苑小区,,,
三墩绕城,华东配套仓库,,
杭州,百大绿城西子国际,,
南山农居点b型,,,
申华二配要签字谢谢!,,,
萧山,嘉金天城,仁和苑,
主楼,浙江经视,,
农居点c8甲,,,
怡途湖景酒店大厅,,,
浙江富春江水电,,,
西季青面料市场,,,
杭州,萧山,阳城,金属拉丝厂
绝世风情,韵动苑,,
后0楼,连连科技,,
安装送货上门上,,,
龙皇塘,凤凰山星华反光材料厂,,
宋都中郡国际,0期,,
南峰,科龙电器有限公司仓库,,
凤凰隧道,悦榕湾,,
杏花楼食品公司,,,
千岛湖啤酒厂宿舍区,,,
西丹德电梯部件有限公司,,,
杭州武林机器有限公司宿舍,,,
黄家章老屋,,,
普特拉克,杭州桑菱节能科技有限公司,,
丁家斗,徐家坝,,
南峰,飞亚灯饰,,
银河证券,新塘路,,
华兴车城,二手车交易市场,,
澳海澜庭售楼部,,,
义乌小商品直销超市,半山店,,
底0号商铺,,,
春江景苑,龙祥园,,
怡锦花城,鸣翠苑,,
城管执法局,城西中队,,
告岭,天目山大峡谷,,
乔井,老葛家车村,,
德纳国际影城,小卖部,,
大陆七贤郡,四叶草餐厅,,
水湘东苑人家,,,
绿城蓝庭,护理院,,
东木坞,花牌楼,,
浙江警官职业学院,北四公寓,,
大有清竹蓝亭问竹苑,,,
三廊庙统一码头,,,
郊半岛,云龙阁,,
高家里公交站台,,,
万马科技股份电子医疗部门,,,
新白,鹿塘村,,
盈丰,红卫闸,种鸡厂家属院,
西奥电梯,冯斌,,
金岫临,安市华辉节能灯具厂,,
青风,万和苑,,
质保处,质管科,,
杭空压缩机有限公司宿舍,,,
机床厂宿舍,,,
保济大药房0街,,,
程周坞,老应饭店路,,
宜家家居商场,,,
东江南名灶餐厅,餐厅,,
千岛湖镇邮局,快递公司,,
浙江警官职业技术学院,下沙校区,,
杭州新华润滑油厂,,,
南半层,新华保险,,
流翠苑,林之语小区,,
东a,0号,,
南塘,杭州金阁,,
安溪,上溪罗村,,
三信织造厂,天煌分厂,,
黄鸿年科技综合大楼,,,
吴山南,凉亭石化加油站,,
扬州市,西湖国际科技大厦,,
四桥边,锦绣江南,,
江,朱家角,康盛和苑,
杭州永磁集团有限公司宿舍,,,
一工家电维修部,,,
能送货上门最好不过不支持男生进来的,,,
西溪十八家酒店,,,
四季青接到,新塘路,,
杭州青云控股集团销售部,,,
计量本部生活区,,,
高源,伍桂里,,
桥头城,杭州建誉实业有限公司,,
我不清楚,杭州市,,
溪口,苏士数码,,
周末送,朝晖0区,,
红博苑教育基地,,,
直大风伯,万安西苑,,
长睦,北城枫景苑,,
杨家牌楼公交站,,,
杭州九钻机械有限公司综合楼,,,
利一,行政村,,
禾丰,金家角,,
佳雷次坞打面馆,,,
高家坞篮球场,,,
德意电器品牌部,,,
滨江彩虹城,彩虹豪庭,,
蜀山车辆综合维修基地,,,
富力地产办公楼装饰公司,,,
地铁总部大楼,,,
空层,e邮柜,,
君枫绿苑,东区,,
铭元北城枫景苑,,,
印象富春江漂流造纸厂宿舍,,,
发展改革和经济局,杭州市,,
炊具营销中心销售部,,,
老医院宿舍,,,
东州岛,0号路,,
到底,转塘交警中队,,
珍珠半岛,万豪城,,
径游,下俞远东鞋厂,,
土面世家,,,
快,0号,,
接到,都市水乡,水曲苑,
涌兴宾馆停车场,,,
中国科学院,杭州分园,,
岸上蓝色,彩虹苑,,
华东医药股份公司,新药特药分公司,,
省钱管局设计院,,,
广宇致中和花园,,,
电子设备厂宿舍,,,
大沿片下坂王新区,,,
东方通信股份有限公司,研发楼,,
牛田,肯山东路,,
千年舟家居生活电商城,,,
两百米,杭州家旺运输有限公司,,
新河,浙江大庄实业集团有限公司,,
纤维板厂宿舍,,,
东溪,磨湾口,桐庐,远凡制笔厂
大高科技企业孵化器,,,
富阳社会保险管理中心,,,
直戒道,钱江0苑,,
嘉里木,华丰居,,
国大阳光家居博览城,,,
三敦,亲亲家园,,
老教育局,教育餐厅,,
纽家塘,大富超市,,
云会乡,自然村,,
浙江新世纪现货市场,,,
华洋宾,杭州市,,
菁青江鲜美院,考前辅导中心,,
长途汽车客运北站,,,
众安,陈龙湾,,
国丰大厦停车场,,,
米市,富士迪厂区桥头,,
佳丽花边,中铁物流,,
后珠辰秀嘉苑,,,
浦工,0支路,,
南峰,联红,杭州澳赛诺化工有限公司,
亭趾,南栅口社区,,
三院设备科,,,
浙江体育职业技术学院,萧山校区,,
毛家墩,红根土菜馆,,
星星耀城,0期,,
妙资金融财富管理中心有限公司,,,
杭州正大青春宝药业有限公司,制药分公司,,
开元名都酒店,集团信息中心,,
浙江供销学校宿舍,,,
杭州之江专修学院,小和山校区,,
中午0点以后送货,,,
超山太山,杭州超耐实业有限公司,,
杭州市中医院,丁桥分院,,
楼二五金厂,,,
钱神花苑综合楼,,,
奥蓝特家纺,南雪域生物新工厂,,
旅游职业学校校区,,,
明翠桃原,水云轩,,
钱江学院,宝龙公寓,,
方山敬老院,,,
上曹坞篮球场,,,
朝晖邮局营业大厅,,,
杭州和利时自动化有限公司行政中心,,,
城管综合行政执法局,临浦中队,,
大理寺过桥米线,,,
鹏雁科技,0期,,
新铺苑,新浦苑,,
关澜时代朗轩,,,
下沙,文苑风情小区,,
青山市,青山湖街道,,
湖头中,东北路,,
华元美林公馆售楼部,,,
新佳数码印花厂,,,
丁州花苑,北区,,
江干公安分局,凯旋派出所,,
金茂五金家居广场,,,
华丰健潭嘉苑,,,
栋,0楼,,
杭州江南磨料模具有限公司宿舍,,,
公交车终点站,香吉公寓,,
中策职业技术学院,莫干校区,,
杭州联合银行总部大楼,,,
东亚银行,杭州分行,,
人力社保大楼,大楼,,
兰里房产,厚诚公寓,,
朝阳公业,红普北路,,
白杨衔道,观澜朗轩,,
海港澳门豆捞,,,
大润发超市,金店专柜,,
南山武警训练基地,,,
送货上门,金色钱塘,,
东到头,东南新材料有限公司,,
近江家里,0园,,
独山北苑,新苑,,
祖甲,0号,,
三义锦唐苑,锦唐家园,,
十四线,浙江华欣新材料股份有限公司,,
海陆世贸十四,0语紫匠文化创意有限公司,,
浦南岔口,新益佳超市,,
市心北,绿都百瑞广场,,
南河洋,杭州海丰制造有限公司,,
凤凰庄综合楼,,,
谭头公交车站,车龙汽修,,
海澜半岛,东院,,
钱江城市城,佳丰南苑,,
南峰,五马洲大道,,
解放军第一一七医院,幼儿园,,
物美楼上,源隆大厦,,
联华购物街,,,
万事利小营门宿舍,,,
杭萧钢构股份有限公司,设备部,,
和诚八下里,丰田汽车销售服务有限公司,,
杭州国土资源局,下城分局,,
经地四代城,东苑,,
萧山医药有限公司,中药分公司,,
唛歌时尚ktv,,,
钱江苑,0苑,,
汇金房产,,,
英赛汽车零部件有限公司,,,
运河锦庭,物业代收,,
章晓鸣口腔门诊部,,,
福桥富,何家头,,
通济塘,郎孙河西屠,,
中外运敦豪国际航空快件有限公司,浙江分公司,,
临,瑞金华庭,,
三宝郡庭,西区,,
气车城南广场,,,
保利东京湾,东区,,
新火车东站东广场,,,
化城汉邦门窗厂,,,
龙山化工厂宿舍,,,
施工门警卫收,,,
建德南方水泥厂宿舍,,,
逢坞,杭钢冷轧带钢分厂,,
传化集团有限公司,集团公寓,,
!,王加慧收,,
汪家塘篮球场,,,
星座女装电子商务楼,,,
浙江,建德,新安江白南山工业区,
俞赵,三金拉丝机厂,,
大井,和睦乔村农贸市场,,
佳丰北苑,小区,,
临平,塘栖,钱江经济开发区,
文,马鞍山雅苑,,
绿城西溪城,明礼苑,,
六和塔,门口百货,,
建德隧道北,建德市浙能天然气有限公司,,
家境城,人合苑,,
塘栖剧院停车场,,,
桐庐县人民法院,法院,,
汽车东苑小商品市场,,,
勾运,九曲巷路,,
开发金沙湖0号,,,
伊萨卡小北门,,,
余杭塘河北,紫金文苑,,
依莎卡,绮风苑,,
和谐家苑,东园,,
国金纺织有限公司宿舍,,,
泥山弯新村,,,
杭州,建德,寿昌,梅家巷
三北三时号,,,
银湖,九龙0号,,
绿康老年康复医院,,,
江滨斌,世茂花园,,
康越,印刷厂路,,
中国民族证券,杭州营业部,,
锦秀钱塘别墅区,,,
受降,上宋街,,
场0里,服装市场,,
嵊州小吃,孙檬怡收,,
地铁七堡站控制中心,,,
超山青莲寺,联鹏超市,,
原物资局宿舍,,,
中纺控股有限公司员工宿舍,,,
丝绸厂宿舍,,,
华庭银景,0帐,,
后浦,浙江中策电缆有限公司,,
浙江蓝哲医药有限公司,仓储中心,,
民生多仁口腔门诊部,,,
航都大酒店大厅,,,
杭州汽车机轮股份有限公司,计算机应用研究所,,
华宇商城综合楼,,,
龙门,古镇西路,,
片,孙家弄村,,
梦想小镇天使城,梦想小镇天使村,,
城南,科龙电器有限公司,,
丰巢快递,柜丰巢,,
山边,农居点,,
请选择古荡,东区,,
合力纺织厂宿舍,,,
青春年代,雅居东园,,
众联,联合村,,
新华医院分院,,,
金马名仕园,,,
龙湖滟阑山,0世纪不动产,,
全民健身中心综合楼,,,
今湾创业大厦,0区,,
卡夫威尔杭州实业有限公司,,,
杭州汽轮机股份有限公司研究所,,,
云栖竹径,外大桥,,
东风本田4s店,,,
东方家私市场,,,
杭州萧山钱江科教城,林之语幼儿园,,
雨竹缘专业瑜伽spa会所,,,
红,0楼,,
龟山东,杭州班萘特复合材料有限公司,,
工商学院生活区,,,
浙江水利水电学校生活区,,,
杭州市邮政局城站,支局营业厅,,
通济,唐郎孙村,,
江|工I^,江|0路,,
东山弄农贸市场,,,
座,0楼,,
金帝海泊雅苑物业,,,
东风日产东风南方通惠专营店,,,
岩土科技股份有限公司经营部,,,
洲g,0号,,
一云,浙广物流,,
外海头,南车路,,
阿土汽配厂房,内,,
中国工商银行,杭州高新支行,,
新和嘉苑,新风超市,,
所前驾驶员培训中心,,,
柴家坞菜场,,,
戴家山饲料厂,,,
北京城建设计发展集团公司,杭州分公司,,
潘工之墅装饰设计有限公司,,,
嵩阳苑生活区,,,
浙江省高级人民法院研究室,,,
洲新,0号,,
双美佳苑,西区,,
西溪软件园街道,,,
楼大酒店宿舍,,,
中秋,新龙村,,
荣盛控股大楼销售部,,,
蒲田大溪边,杭州艺佳纺织品有限公司,,
二十一世纪不动产,,,
迪凯国际中心,浦发新城支行,,
柳溪,欢坞村,,
也很帅气,临平街道,,
明智,行政村,,
汪家秘制手打面,,,
金地西城博司小区,,,
格畔小庄北院,,,
玉长城佳丽摄影,,,
文源,七四和村,,
全峰快递,院子里,,
外桐坞村路,,,
公共租赁房人才公寓,,,
扬家墩,金家里,,
交警塘栖中队,,,
宁围,金0村,,
严州师范学校宿舍,,,
东新圆,新湖苑,,
三林0国道,,,
九堡家苑公寓,,,
杭州士官学校政治部,,,
龙山化工,塘栖镇,,
金泊,金泊林公寓,,
永健,永安村,,
f科公望山Y苑,,,
天都都城,天都酒店,,
温州银行,杭州分行,,
许贤,河西,周方下,
青藤居,0,,
东0,0,,
江湾城售楼部,,,
海杭物流基地办公大楼,,,
合村乡老年活动中心,,,
杭州锅炉集团股份有限公司,崇贤分公司,,
浙江省电力公司综合服务分公司,,,
和,和睦桥村,,
丽城,风华苑,,
众安山水苑社区,,,
锦上大酒店大厅,,,
百世快递,0楼,,
龙乌,龙门坎,陈家里,
杭师大生科院行政楼,,,
杭州供电公司客户服务中心,江东分中心,,
通达长,向前,,
泰美国际售楼部,,,
谈竹乡,国家水土运动洲基地,,
浙江,临安市,左邻右里,
二铸厂生活区,,,
更楼,逸佳通讯,,
三杭蒙特菲罗电梯部件厂,,,
站前,邮政速递物流公司,南站,
香奈儿chanel精品店,,,
欣北线,钱江国际大厦,,
莫家港,前河西,,
新新窑坝路,,,
新华社浙江分社,,,
升佳地板科捷物流公司,,,
秋荷坊商业街,,,
裙楼,物业办公室财务室,,
长运巴士有限公司,南站,,
现代科学院生活区,,,
城山山顶,杭州天域开元度假酒店,,
丰巢柜!谢谢!,,,
五金交电门市部,,,
恒晟左邻右里小区,,,
亭兰苑新城,,,
西湖体育馆综合大楼,,,
杭州v康食品,杭州九堡基地,,
龙湖时代,金沙天街,,
汽车东坊小商品市场,,,
滨江,超级星期天,,
竺广,上塘路,,
凤凰山度假村,,,
长河寄到,中南建设集团,,
坑东,九龙混凝土有限公司,,
泰山南,扒山恒基油墨有限公司,,
三建,裕风村,,
南郊监狱公交站,江南集团,,
杭州l酒店大厅,,,
后门地下室,,,
农科医院宿舍,,,
语林楼家人超市,,,
杭徽高速,余杭镇,,
富阳,东方茂0部位,,
物华小康居住区,,,
武林0里售楼处,,,
新义,洪庄,杨家饭,
龙湖天街商业中心步行街,,,
韩家畈号,,,
浙江再生手拉手汽车部件有限公司,,,
城南,杭州杰丰服装有限公司,,
看山诃老年活动中心,,,
新农都,永泰名苑,,
大洋化工江南,,,
五云山疗养院餐厅,,,
富阳邮政局,金融业务局,,
颂都阳光国际,观澜苑,,
市地,新三联照明电器有限公司,,
兴议,存兴0路,,
挂车厂宿舍,,,
若电话不通请直接敲门,,,
天英,移民村,,
中国警官学院,下沙校区,,
怪楼奇院,,,
区,闻堰,义桥镇,
金二便民农贸市场,,,
萧山第一人民医院,通惠分院,,
良户家苑社区,,,
竹山蓝天专卖店,,,
长城五金,汇丰里,,
大自然科纺染整二分厂,,,
汤口新区,,,
合生国贸中心,龙吟阁茶社,,
吉鸿家苑,和景苑,,
费家搪,欣景苑,,
星桥,梅花城,金秋苑,
杭州口岸国际物流,,,
浙大紫金港,东三,,
于韩干,河南路,,
好润达酒店仓库,,,
茶叶博物馆,杭州市,,
采荷0期,农贸市场,,
惠耳听力庆,春门北路,,
国贸大酒店写字楼,,,
招元弄,中华超市,,
省工艺品进出口公司,,,
汽车站小商品市场,,,
山技g_l^,建O0路,,
浙二医院宿舍,,,
第七人民医院宿舍,,,
齿轮厢厂家属院,,,
龙喜大酒店宿舍,,,
九桥,蓝乔茗苑,,
交通晓时代售楼部,,,
杭工工贸院,思超汽配,,
德意丽博橱柜,要求下午三点左右取件,,
都是阳光嘉苑,,,
仓前,朱庙农居点,好又多,
法院宿舍,,,
斗外0号,,,
杭州,萧山,三阳安居房开发中心,
八面玲珑饭店,,,
超山,张湾坞爱尚佳食品有限公司,,
地接室,浙江久正工程检测有限公司,,
杭州西子实验学校小学,,,
海正老宿舍,,,
浙江中材院,骨料部,,
弯南过度房,子0组,,
湘户湖部队农场,,,
星光国际公馆,首座,,
景城,铂景都家园,,
长山0号桥桥南,中裕花边,,
浙江天瑞项目管理有限公司,余杭分公司,,
公交转塘停保基地,公交第六汽车分公司,,
东北门售后部,,,
高科技孵化器楼楼,,,
丁桥,后珠美雅苑,,
电子口岸,ic卡服务部,,
中轿禾现代4s店,,,
寿昌镇人民政府,规划建设局,,
桥,联华新村,,
虎台控股集团,杭州拓福工贸有限公司,,
专家,0号楼,,
金世华城,景湖苑,,
解冻,新塘路,,
杭州皇冠假日酒店员工宿舍,,,
新三台三画室,,,
高家G,张家斗,,
凤起东,天虹商场,,
运通奥迪汽车销售服务有限公司销售部,,,
宏达宾馆商务楼,,,
中铁物流三墩营业部,,,
大陆七贤山居综合楼,,,
倒畈,临安雪祥塑料粒子公司,,
天涵文化用品商店,横路,,
坎山塘上,新升公寓,,
湾建筑集团有限公司,机场路,,
蚕种厂宿舍,,,
紫金大酒店商务楼,,,
第二人民医院宿舍,,,
星马汽车零部件有限公司,,,
南都,林语别墅,,
四季花城社区,,,
紫金港创业园酒店装修部,,,
义蓬茗苑物业,,,
茶机厂宿舍,,,
中国电信南苑支局,,,
北秀社,北秀蓝湾,,
油库,杭州成长石油化工有限公司,,
浙江省团校综合楼,,,
广通云河福邸,步云轩,,
世贸之西湖,御涛轩,,
彭埠,新禾家苑,,
磨刀,杭州萧山腾达五金有限公司,,
学院0队,,,
黄色房子,美丽恬园,,
松合幸福雅苑,,,
杭州爱心大药房,新发王店,,
杭州南车城市轨道交通有限公司,,,
慎古,上塘路,,
富阳国际贸易中心大酒店写字楼,,,
浙江科海阀门厂,,,
波家里,华风居,,
许耸口腔门诊部,,,
东边,李文娟,,
向杨道,清雅苑,,
绿城伍重院锦华院,,,
中山宾馆停车场,,,
杭州市余杭区第一人民医院门诊部,,,
杭州水警综合楼,钱江水上派出所,,
新塘,中华钱塘航空大厦,,
浙江省良渚强制隔离戒毒所,后勤保障中心,,
杭州天和建设集团有限公司工地,,,
双溪,白杨湾,,
长睦锦,be苑,,
上下,戴通0村,,
藕花州大街道,,,
华东家居广场,,,
汽车西站派出所,,,
原野汽配汽修0条街,,,
七堡居,民区西街,,
老生仪楼,ese工程中心,,
度假寺前茶叶市场,,,
长河派出所邮局,,,
孝子牌楼新戏台,,,
杭州,建德市,下涯,金朝阳橡胶厂
星月家居广场,,,
塘北,贾鱼村,,
西溪天堂曦轩酒店,,,
电子管厂宿舍,,,
桕联,梧桐弄,,
临平新城,山语苑,,
高铁东站东广场,,,
西文,中粮方圆府,,
丁河,钟家墩,竹叶壳,
左边,蓝色楼,,
慕贤0楼,,,
三墩,都市阳光和苑,,
农业银行,浙江省分行,,
江南宁城,金座,,
浙医二院职工宿舍,,,
都阳光国际,听涛苑,,
庆春门,绿萍小区,,
池女士,杭州市,,
文晖桥东,天成北苑,,
裘江新城,新塘街道,,
云柜或格格柜里,,,
往龙湖武林0里营销中心,,,
山技X_l^,_路,,
杭州三杭蒙特费罗电梯部件有限公司,,,
南城东苑,,,
东洲,鸡笼山,民丰,好又多超市
潮五裕,银地大厦,,
邦胜广告,杭州市,,
时代联华超市,面包房,,
浙江三联专修学校,院,,
钱江,青0南路,,
韵达快递,楼上,,
程芳酒店用品公司,,,
和平老年病医院,,,
财务部办公室,,,
杭州市烟草专卖局办证中心,,,
华坤建筑设计院,南区,,
传化物流基地生活区,,,
道富,杭州,,
万家城购物中心,,,
传媒嵩阳苑生活区,,,
华贸,九堡家苑,,
余杭电信,城北分局,,
吴家斗门,好又多超市,,
原鸡,笼山村,,
发旺有色金属氧化厂,,,
新湾,金凌花园,,
东溪,狮子山东,瑞文具有限公司,
头格月雅城,0移动公司,,
杭州宜家房屋置换有限公司,,,
浙江省人大政协及有关厅局,综合办公大楼,,
梧桐蓝山售楼部,,,
浙江吉利汽车研究院有限公司,杭州分公司,,
万科房地产,杭电集团,,
华东医药供应链管理杭州有限公司,,,
家苑,0区,,
中国西部发展研究大楼,,,
玉皇山南基金小镇,,,
水井城和苑,,,
烟草公司停车场,,,
丁桥家院,南区,,
住家养老院,,,
署江大酒店大厅,,,
西山岭停车场,,,
接到,东和新区,,
星药城乐宜城,德克士餐厅,,
杭州富阳富阳骨伤科医院中药房,,,
桐庐康尔医疗器械有限公司,城,,
杭州,余杭,仓前海路,
杭州市港航管理局,余杭管理处,,
政苑,0区,,
通达集团生活区,,,
姐妹饭店楼,,,
上海东航汽车修理厂,杭州萧山国际机场,,
成仕衣都,富春路,,
发票请寄,杭州,,
金家浜火园,,,
凤都工业漆园西路,,,
杭州农副物流中心,浙江食品市场,,
丽兹公馆售楼处,,,
货交易信息,中翠苑,,
杭州临平大酒店商务中心,,,
乔大线桥农副产品市场,,,
城南_l^,杭州澳Z生物科技有限公司,,
扬帆旅游码头,,,
东风,黄金村,,
近江五金新锁市场,,,
H0层,聚望绣品有限公司,,
通合南岸花城,枫江苑,,
宋都国际,听涛苑,,
南站综合楼,,,
三塘,六塘公寓,,
杭州市公共交通集团有限公司,公交物业分公司,,
杭州星乔瑞汽车零部件有限公司,,,
快递员联系号,,,
藏鲜工坊冷菜间,,,
浙江旅游学院,千岛湖校区,,
仁和苑宿舍,,,
佳好佳卫陶馆,恒洁卫浴,,
玉都风景,杭州华联超市,,
家诶道,东安景苑,,
华墅组西路,,,
多来水岸,蓝波苑,,
洲际国际酒店宿舍,,,
影城楼棋牌室,,,
杜甫,下史村,,
星程西溪十八家酒店,,,
星雅嘉苑,逸景园,,
凤凰南墅花苑,,,
大家河头,自然村,,
水相东苑人家,,,
西0,-0室,,
郁家头停车场,,,
海正胥口宿舍,,,
杭卅市,桐庐县,,
地铁集团有限责任公司运营分公司,,,
林舍酒店棋牌室,,,
杭州二建七分公司安装部,,,
七德堡小弄弄,,,
月牙楼,建筑系馆,,
澎润土化工总厂宿舍,,,
萧山,钱江,农场东路,
万松岭,馒头山社区,,
杭州萧湖伞厂门卫处取件,,,
成人文化技术学校,聋哑学校,,
国家级企业孵化器,,,
往前公里,伟宇运输有限公司,,
伊顺基牛肉面,,,
华丰纸业,分机0,,
远洋公馆新区,,,
冉另甥郊熔烹0买,0穆伟博,,
周浦乡公交站,,,
财主埭小店批发部,,,
九堡,格畈北苑,,
联发塘口,杭州圣力包装有限公司,,
徐家,亿峰光源,,
灵平,胡居花园,,
农副物流中心,逸居城,,
原保安室丰巢快递柜丰巢,,,
杭州,西湖,转塘,定山家园
长命,金家弄,,
银德酒店,0酒吧,,
舒菇,陆家岭村,,
南洋,明珠花苑,,
谢家,杰杰鞋厂,,
城公交站后,公交修理厂,,
匣家弄,东站小商品市场,,
澳门豆捞酒店,,,
乔司监狱星野花苑,南区,,
老闸口渔具店,,,
大礼堂,大塘里饭店,,
宝利地产城,市果岭,,
近江水产农副产品综合市场,,,
直大柏,万安西苑,,
半山,秋水伊人服装厂,,
野风现代之窗,西0,,
玲珑香榭南苑,,,
小微企业,专营支行,,
四一房,片四一房超市,,
通和,南岸花城,,
四牌楼,花生弄,,
五岳香山,铭香苑,,
九阳欧南多小家电,,,
鼓楼,城隍牌楼,,
元通雷克萨斯城,北店,,
塘南,泉章新街,,
今色,门源科技有限公司,,
益佳工艺,需盖章,,
彩虹城路,,,
浙江高速交警,杭州支队,,
缪家,太平洋电器,,
城山,开元度假村,,
中祠堂下街,,,
博陆,梁安桥,,
杭州观悦上品酒店餐厅,,,
万常,秋意浓工业园区,,
浙江环茂自控科技有限公司商务部,,,
代收,林锐,,
东塔楼,东写字楼,,
松溪平山,杭州登好包装印务有限公司,,
东小何步行街,,,
财富金融心中,25f,,
杭州科技职业技术学校,高桥校区,,
三桥杨,清庙路,,
金华市南路,,,
上番塘,严家斗,,
易房地产,孔德贺收,,
南湖农居,点栖凤苑,,
收货人,九堡佳苑,0排,
余杭供电局人力,,,
金都艺墅,金都艺墅,,
红山出口,杭州谢江五金金家具有限公司,,
姚凉坞,西子实验学校,,
瑞金华庭嘉苑,,,
浮山单元b,杭州西湖高等研究院,,
阿良家电,吴龙凤,,
仁桥,通简湖村,,
经0,华美达酒店,,
杭州红会医院,特检科,,
李山江边,浙江一鸣包装印刷有限公司,,
吴山花鸟城,d27-0,华丽水族,
丁桥,邻里人家东苑,,
东图,辅小二小校区,,
实验外国语学校,高中部,,
安仁,东山王民草莓园,,
客户要求带pos机刷卡,,,
水务有限公司塘栖供水分公司,,,
西子门高压开关有限公司,,,
湘湖大家,中鼎苑,,
天成嘉苑,北苑,,
工渭线,临港化纤,,
国家高科技企业孵化器,,,
七郎府号,,,
长安福特汽车有限公司,杭州分公司,,
新福电动车院,红叶仓库,,
民之家中介技术服务中心,,,
杭州市高速北出口,宇通物流基地,,
和大城,万豪国际,,
银宫塘,李家塘,,
国际假日酒店商务楼,,,
浙江省农业科学院,植物保护与微生物研究所,,
杜马门业销售部,,,
杭州新东方烹饪学校,良渚校区,,
人民墩,自然村,,
佳兆业玖陇山,0阁楼,,
钱江世纪人才专用房,浙江建工集团,,
第二人民院门口,,,
求是楼美居公寓,,,
北京现代4s店,,,
亚林所,隆林山居酒店,,
郜岭西,天目山景区,,
华荣城,物美超市,,
香吉寺西路,,,
心,翡翠天地商苑,,
浙江,建德,安仁工业园区,
行动中心综合楼,,,
富乐,馒头山,万家福超市,
杭州钱江五金工具厂宿舍,,,
本治中医门诊部,,,
新虹城商业街,,,
有意思中西式复合餐厅,,,
大营盘,星期八棋牌室,,
萧山,宁围,宁围镇,
珑,0号,,
桐庐江,南石阜,伍石村,
塔底,0号,,
坑西,杭州名剑机械有限公司,,
獐山,华墅角路,,
天城嘉苑,北苑,,
瓜沥,杭坞路,,
九堡医院宿舍,,,
临安市,昌化,三星家具厂,
施坞里,秋水览山,,
森林警察院,森林派出所,,
高庄,前港头,,
大樟树,东欧造型理发店,,
桥桥头节能灯厂,,,
郜岭,东关,绿园公寓,
云菏廷售楼部,,,
俞家桐,庐惠予塑料厂,,
汤家,锦绣家园,,
西西弗书,,,
市,临安,临天0弄,
塘西,致何堂街,,
西0楼,,,
浙道理想丝科院,f1,联盟旅业,
归因塘,静安花园,,
珍珠半岛汇宇和庭售楼处,,,
香诸,佳坞村,,
恒厚阳光城售楼部,,,
南肖北星西苑,,,
技量学院现代科技学院,,,
大运河铸造厂,,,
余杭二院,0管科,,
门牌号,,,
高瑜塘老村委,,,
马湖俞家里,,,
人民政府办事处,,,
农据点顾家埠,东区,,
汀州家苑,北区,,
杭钢西苑生活区,,,
华东医药,朝晖仓库,,
临江村别墅区,,,
端,绿城风华苑,,
圣天堂漾路,,,
孟晓涌拒收到付谢谢,,,
东瀛阁,8b,请拨打电话谢谢,
会山存,杭州亚邦新材料有限公司,,
宛第,0排,,
静堂弄,正兴牧业有限公司,,
办证窗口,计生服务与药具发,,
东南汽车4s店,,,
公望会所销售中心,,,
庆仙,家世界超市,,
星桥,瑞金华庭家苑,,
铭品鞋国际品牌工厂折扣店,,,
元帅庙后,杭州界电子,,
放,易居家纺传达室,,
嘉里建设物业管理部,,,
渤海银行,杭州分行,,
泉山脚,三都电镀厂,,
中材院骨料事业部,,,
科宇涂装,石口路,,
辉收,富春街道,,
华坞庭,院深深,,
自行车库,e邮柜,,
火车站东广场,,,
优印包,装杭州优印包装印刷有限公司,,
天目学院,联建公寓,,
交警城站中队,,,
杭州依卡特汽车零部件有限公司,,,
众安,山水东苑,,
南四,朱家村,,
徐角,斗号,,
神鹰椅业食堂,号,,
帝景苑商业街,,,
杨家针,戴家里,,
永正控股集团公司,国家分公司,,
五常,荆山岭,盛世嘉园,
孙家孙,浙江创想节能科技有限公司,,
西湖风景名胜区,,,
沪宁时代旺亿家,门口,,
新华书店大厦,e8产业园,,
赵家斗老年公寓,,,
绿城足球俱乐部训练基地,,,
云会水产村,,,
金横阁汽配城,,,
